timestamp,kWh
2019-01-01 00:00:00,180.79999999999998
2019-01-01 01:00:00,179.12000000000003
2019-01-01 02:00:00,177.92000000000002
2019-01-01 03:00:00,176.89000000000001
2019-01-01 04:00:00,179.94
2019-01-01 05:00:00,175.63
2019-01-01 06:00:00,219.95
2019-01-01 07:00:00,223.63
2019-01-01 08:00:00,227.05
2019-01-01 09:00:00,220.56
2019-01-01 10:00:00,209.16000000000003
2019-01-01 11:00:00,203.96999999999997
2019-01-01 12:00:00,204.67000000000002
2019-01-01 13:00:00,206.25
2019-01-01 14:00:00,206.44
2019-01-01 15:00:00,212.32000000000002
2019-01-01 16:00:00,214.85999999999999
2019-01-01 17:00:00,210.98000000000002
2019-01-01 18:00:00,213.02
2019-01-01 19:00:00,204.51
2019-01-01 20:00:00,202.79000000000002
2019-01-01 21:00:00,199.45
2019-01-01 22:00:00,195.83
2019-01-01 23:00:00,175.33
2019-01-02 00:00:00,166.78000000000003
2019-01-02 01:00:00,166.85
2019-01-02 02:00:00,167.82999999999998
2019-01-02 03:00:00,172.85
2019-01-02 04:00:00,178.49999999999997
2019-01-02 05:00:00,177.5
2019-01-02 06:00:00,236.7
2019-01-02 07:00:00,283.68
2019-01-02 08:00:00,314.6
2019-01-02 09:00:00,325.32
2019-01-02 10:00:00,333.51
2019-01-02 11:00:00,324.68
2019-01-02 12:00:00,326.59
2019-01-02 13:00:00,334.88
2019-01-02 14:00:00,332.53
2019-01-02 15:00:00,324.88
2019-01-02 16:00:00,318.82
2019-01-02 17:00:00,308.06
2019-01-02 18:00:00,298.07
2019-01-02 19:00:00,277.92
2019-01-02 20:00:00,243.75
2019-01-02 21:00:00,214.54
2019-01-02 22:00:00,203.60999999999999
2019-01-02 23:00:00,181.95
2019-01-03 00:00:00,174.6
2019-01-03 01:00:00,172.59000000000003
2019-01-03 02:00:00,173.08
2019-01-03 03:00:00,172.83999999999997
2019-01-03 04:00:00,174.85
2019-01-03 05:00:00,175.97000000000003
2019-01-03 06:00:00,228.78
2019-01-03 07:00:00,281.06
2019-01-03 08:00:00,305.46000000000004
2019-01-03 09:00:00,330.0
2019-01-03 10:00:00,329.98
2019-01-03 11:00:00,321.16
2019-01-03 12:00:00,322.18
2019-01-03 13:00:00,324.27
2019-01-03 14:00:00,325.57
2019-01-03 15:00:00,307.91
2019-01-03 16:00:00,306.82
2019-01-03 17:00:00,291.47999999999996
2019-01-03 18:00:00,286.35
2019-01-03 19:00:00,271.92
2019-01-03 20:00:00,237.11999999999998
2019-01-03 21:00:00,214.64999999999998
2019-01-03 22:00:00,202.6
2019-01-03 23:00:00,180.83
2019-01-04 00:00:00,173.23
2019-01-04 01:00:00,171.76000000000002
2019-01-04 02:00:00,175.02
2019-01-04 03:00:00,179.64
2019-01-04 04:00:00,183.85999999999999
2019-01-04 05:00:00,184.88
2019-01-04 06:00:00,242.01999999999998
2019-01-04 07:00:00,285.40000000000003
2019-01-04 08:00:00,309.56000000000006
2019-01-04 09:00:00,327.8
2019-01-04 10:00:00,342.13
2019-01-04 11:00:00,339.99
2019-01-04 12:00:00,332.3
2019-01-04 13:00:00,328.44999999999993
2019-01-04 14:00:00,334.86
2019-01-04 15:00:00,331.05999999999995
2019-01-04 16:00:00,309.02000000000004
2019-01-04 17:00:00,297.98999999999995
2019-01-04 18:00:00,274.31
2019-01-04 19:00:00,256.18
2019-01-04 20:00:00,248.39999999999998
2019-01-04 21:00:00,228.96999999999997
2019-01-04 22:00:00,212.50000000000003
2019-01-04 23:00:00,184.98
2019-01-05 00:00:00,174.89
2019-01-05 01:00:00,173.27
2019-01-05 02:00:00,173.69
2019-01-05 03:00:00,174.55
2019-01-05 04:00:00,175.96
2019-01-05 05:00:00,174.96
2019-01-05 06:00:00,223.02000000000004
2019-01-05 07:00:00,232.66
2019-01-05 08:00:00,258.04
2019-01-05 09:00:00,268.72999999999996
2019-01-05 10:00:00,283.4
2019-01-05 11:00:00,284.76
2019-01-05 12:00:00,288.86
2019-01-05 13:00:00,293.92
2019-01-05 14:00:00,288.79
2019-01-05 15:00:00,287.88
2019-01-05 16:00:00,264.56000000000006
2019-01-05 17:00:00,254.06
2019-01-05 18:00:00,250.33999999999997
2019-01-05 19:00:00,243.00000000000003
2019-01-05 20:00:00,233.63
2019-01-05 21:00:00,223.58999999999997
2019-01-05 22:00:00,208.29
2019-01-05 23:00:00,184.12
2019-01-06 00:00:00,179.93
2019-01-06 01:00:00,180.63000000000002
2019-01-06 02:00:00,180.16
2019-01-06 03:00:00,178.46
2019-01-06 04:00:00,179.73000000000002
2019-01-06 05:00:00,180.48999999999998
2019-01-06 06:00:00,217.86
2019-01-06 07:00:00,219.37
2019-01-06 08:00:00,219.41
2019-01-06 09:00:00,208.31
2019-01-06 10:00:00,209.57000000000002
2019-01-06 11:00:00,210.95
2019-01-06 12:00:00,211.88
2019-01-06 13:00:00,214.82999999999998
2019-01-06 14:00:00,212.38
2019-01-06 15:00:00,215.64000000000001
2019-01-06 16:00:00,232.76
2019-01-06 17:00:00,224.92000000000002
2019-01-06 18:00:00,223.32999999999998
2019-01-06 19:00:00,216.76999999999995
2019-01-06 20:00:00,216.89999999999998
2019-01-06 21:00:00,213.91000000000003
2019-01-06 22:00:00,206.17000000000002
2019-01-06 23:00:00,186.82000000000002
2019-01-07 00:00:00,178.11
2019-01-07 01:00:00,171.65
2019-01-07 02:00:00,171.37
2019-01-07 03:00:00,170.56000000000003
2019-01-07 04:00:00,171.93
2019-01-07 05:00:00,174.43
2019-01-07 06:00:00,244.22999999999996
2019-01-07 07:00:00,316.79
2019-01-07 08:00:00,394.82000000000005
2019-01-07 09:00:00,457.87
2019-01-07 10:00:00,439.38
2019-01-07 11:00:00,449.28
2019-01-07 12:00:00,432.66999999999996
2019-01-07 13:00:00,448.78
2019-01-07 14:00:00,390.36
2019-01-07 15:00:00,357.77000000000004
2019-01-07 16:00:00,333.10999999999996
2019-01-07 17:00:00,311.09000000000003
2019-01-07 18:00:00,295.03999999999996
2019-01-07 19:00:00,275.54
2019-01-07 20:00:00,243.51999999999998
2019-01-07 21:00:00,227.81
2019-01-07 22:00:00,210.76000000000002
2019-01-07 23:00:00,187.23
2019-01-08 00:00:00,177.83
2019-01-08 01:00:00,177.04999999999998
2019-01-08 02:00:00,173.51999999999998
2019-01-08 03:00:00,174.04000000000002
2019-01-08 04:00:00,175.94
2019-01-08 05:00:00,181.79999999999998
2019-01-08 06:00:00,255.85999999999999
2019-01-08 07:00:00,331.94
2019-01-08 08:00:00,402.29
2019-01-08 09:00:00,469.15999999999997
2019-01-08 10:00:00,449.99999999999994
2019-01-08 11:00:00,471.47
2019-01-08 12:00:00,458.1
2019-01-08 13:00:00,462.32000000000005
2019-01-08 14:00:00,433.87999999999994
2019-01-08 15:00:00,388.96
2019-01-08 16:00:00,342.18
2019-01-08 17:00:00,315.34
2019-01-08 18:00:00,308.42999999999995
2019-01-08 19:00:00,301.91999999999996
2019-01-08 20:00:00,268.89
2019-01-08 21:00:00,242.0
2019-01-08 22:00:00,223.51999999999998
2019-01-08 23:00:00,199.4
2019-01-09 00:00:00,187.72
2019-01-09 01:00:00,181.24
2019-01-09 02:00:00,181.03
2019-01-09 03:00:00,178.78
2019-01-09 04:00:00,180.43
2019-01-09 05:00:00,187.02
2019-01-09 06:00:00,254.75
2019-01-09 07:00:00,335.99
2019-01-09 08:00:00,395.55
2019-01-09 09:00:00,458.01000000000005
2019-01-09 10:00:00,441.56999999999994
2019-01-09 11:00:00,469.75
2019-01-09 12:00:00,438.59999999999997
2019-01-09 13:00:00,437.24
2019-01-09 14:00:00,414.21999999999997
2019-01-09 15:00:00,375.56
2019-01-09 16:00:00,355.67
2019-01-09 17:00:00,330.33
2019-01-09 18:00:00,315.53
2019-01-09 19:00:00,304.32
2019-01-09 20:00:00,268.17
2019-01-09 21:00:00,253.88000000000002
2019-01-09 22:00:00,230.98999999999998
2019-01-09 23:00:00,203.60000000000002
2019-01-10 00:00:00,195.15
2019-01-10 01:00:00,189.72
2019-01-10 02:00:00,190.26999999999998
2019-01-10 03:00:00,184.89
2019-01-10 04:00:00,186.24
2019-01-10 05:00:00,195.18
2019-01-10 06:00:00,273.25
2019-01-10 07:00:00,339.41999999999996
2019-01-10 08:00:00,389.65
2019-01-10 09:00:00,432.3699999999999
2019-01-10 10:00:00,433.06
2019-01-10 11:00:00,455.86000000000007
2019-01-10 12:00:00,441.02000000000004
2019-01-10 13:00:00,433.5
2019-01-10 14:00:00,396.64000000000004
2019-01-10 15:00:00,364.52
2019-01-10 16:00:00,345.07
2019-01-10 17:00:00,322.37999999999994
2019-01-10 18:00:00,315.65000000000003
2019-01-10 19:00:00,296.96
2019-01-10 20:00:00,257.62
2019-01-10 21:00:00,231.96999999999997
2019-01-10 22:00:00,214.95000000000002
2019-01-10 23:00:00,192.98000000000002
2019-01-11 00:00:00,184.06
2019-01-11 01:00:00,182.72
2019-01-11 02:00:00,182.58
2019-01-11 03:00:00,182.97
2019-01-11 04:00:00,185.43000000000004
2019-01-11 05:00:00,185.60999999999999
2019-01-11 06:00:00,262.69
2019-01-11 07:00:00,320.33
2019-01-11 08:00:00,391.32
2019-01-11 09:00:00,458.4
2019-01-11 10:00:00,434.53999999999996
2019-01-11 11:00:00,455.65
2019-01-11 12:00:00,428.25
2019-01-11 13:00:00,422.06
2019-01-11 14:00:00,375.75
2019-01-11 15:00:00,343.91
2019-01-11 16:00:00,319.92
2019-01-11 17:00:00,299.84000000000003
2019-01-11 18:00:00,267.56999999999994
2019-01-11 19:00:00,262.52
2019-01-11 20:00:00,251.1
2019-01-11 21:00:00,229.75
2019-01-11 22:00:00,204.47
2019-01-11 23:00:00,180.41
2019-01-12 00:00:00,171.20000000000002
2019-01-12 01:00:00,171.34
2019-01-12 02:00:00,171.50000000000003
2019-01-12 03:00:00,169.38
2019-01-12 04:00:00,169.76999999999998
2019-01-12 05:00:00,171.31999999999996
2019-01-12 06:00:00,217.12
2019-01-12 07:00:00,225.29
2019-01-12 08:00:00,233.29000000000005
2019-01-12 09:00:00,266.83000000000004
2019-01-12 10:00:00,279.14
2019-01-12 11:00:00,281.08
2019-01-12 12:00:00,284.13
2019-01-12 13:00:00,286.82000000000005
2019-01-12 14:00:00,287.0799999999999
2019-01-12 15:00:00,288.58000000000004
2019-01-12 16:00:00,267.4
2019-01-12 17:00:00,253.0
2019-01-12 18:00:00,248.88
2019-01-12 19:00:00,239.57000000000005
2019-01-12 20:00:00,231.73999999999998
2019-01-12 21:00:00,227.67000000000002
2019-01-12 22:00:00,205.7
2019-01-12 23:00:00,181.45000000000002
2019-01-13 00:00:00,173.71
2019-01-13 01:00:00,173.18
2019-01-13 02:00:00,172.48000000000002
2019-01-13 03:00:00,173.04999999999998
2019-01-13 04:00:00,173.67000000000002
2019-01-13 05:00:00,175.55
2019-01-13 06:00:00,209.89999999999998
2019-01-13 07:00:00,212.53999999999996
2019-01-13 08:00:00,213.39
2019-01-13 09:00:00,197.68
2019-01-13 10:00:00,195.66
2019-01-13 11:00:00,195.36
2019-01-13 12:00:00,199.61
2019-01-13 13:00:00,207.20999999999998
2019-01-13 14:00:00,210.63
2019-01-13 15:00:00,207.41
2019-01-13 16:00:00,218.89999999999998
2019-01-13 17:00:00,221.82999999999998
2019-01-13 18:00:00,216.11999999999998
2019-01-13 19:00:00,211.88
2019-01-13 20:00:00,211.10999999999999
2019-01-13 21:00:00,208.66
2019-01-13 22:00:00,199.83
2019-01-13 23:00:00,180.11
2019-01-14 00:00:00,172.03000000000003
2019-01-14 01:00:00,171.15
2019-01-14 02:00:00,172.73000000000002
2019-01-14 03:00:00,170.94
2019-01-14 04:00:00,172.52
2019-01-14 05:00:00,175.07000000000002
2019-01-14 06:00:00,241.6
2019-01-14 07:00:00,313.37000000000006
2019-01-14 08:00:00,387.34
2019-01-14 09:00:00,458.3400000000001
2019-01-14 10:00:00,437.28
2019-01-14 11:00:00,477.65999999999997
2019-01-14 12:00:00,444.71999999999997
2019-01-14 13:00:00,452.62
2019-01-14 14:00:00,419.9
2019-01-14 15:00:00,378.64
2019-01-14 16:00:00,353.90999999999997
2019-01-14 17:00:00,341.89000000000004
2019-01-14 18:00:00,329.58
2019-01-14 19:00:00,310.13
2019-01-14 20:00:00,252.17000000000002
2019-01-14 21:00:00,236.95000000000002
2019-01-14 22:00:00,222.65
2019-01-14 23:00:00,204.06
2019-01-15 00:00:00,192.91
2019-01-15 01:00:00,190.98
2019-01-15 02:00:00,197.95
2019-01-15 03:00:00,192.36
2019-01-15 04:00:00,175.02
2019-01-15 05:00:00,176.41
2019-01-15 06:00:00,253.21999999999997
2019-01-15 07:00:00,343.74
2019-01-15 08:00:00,406.04
2019-01-15 09:00:00,475.27
2019-01-15 10:00:00,452.64000000000004
2019-01-15 11:00:00,478.87
2019-01-15 12:00:00,474.33000000000004
2019-01-15 13:00:00,465.86999999999995
2019-01-15 14:00:00,430.90999999999997
2019-01-15 15:00:00,387.35
2019-01-15 16:00:00,364.11
2019-01-15 17:00:00,343.83
2019-01-15 18:00:00,338.05000000000007
2019-01-15 19:00:00,322.34000000000003
2019-01-15 20:00:00,276.44
2019-01-15 21:00:00,255.13
2019-01-15 22:00:00,236.89000000000004
2019-01-15 23:00:00,212.33999999999997
2019-01-16 00:00:00,206.59000000000003
2019-01-16 01:00:00,205.0
2019-01-16 02:00:00,196.39
2019-01-16 03:00:00,191.85
2019-01-16 04:00:00,190.0
2019-01-16 05:00:00,196.2
2019-01-16 06:00:00,261.35999999999996
2019-01-16 07:00:00,343.94
2019-01-16 08:00:00,423.53
2019-01-16 09:00:00,491.09
2019-01-16 10:00:00,468.68
2019-01-16 11:00:00,483.64000000000004
2019-01-16 12:00:00,458.7
2019-01-16 13:00:00,467.65
2019-01-16 14:00:00,427.33
2019-01-16 15:00:00,370.67
2019-01-16 16:00:00,359.00000000000006
2019-01-16 17:00:00,360.95
2019-01-16 18:00:00,355.53
2019-01-16 19:00:00,333.75000000000006
2019-01-16 20:00:00,276.74
2019-01-16 21:00:00,248.09
2019-01-16 22:00:00,231.79000000000002
2019-01-16 23:00:00,210.34999999999997
2019-01-17 00:00:00,205.67000000000002
2019-01-17 01:00:00,204.73000000000002
2019-01-17 02:00:00,205.99
2019-01-17 03:00:00,195.72
2019-01-17 04:00:00,191.04
2019-01-17 05:00:00,191.68999999999997
2019-01-17 06:00:00,264.91
2019-01-17 07:00:00,346.81
2019-01-17 08:00:00,382.61
2019-01-17 09:00:00,460.04999999999995
2019-01-17 10:00:00,456.21
2019-01-17 11:00:00,469.52000000000004
2019-01-17 12:00:00,456.77000000000004
2019-01-17 13:00:00,469.86
2019-01-17 14:00:00,437.62
2019-01-17 15:00:00,407.52
2019-01-17 16:00:00,380.88
2019-01-17 17:00:00,354.48
2019-01-17 18:00:00,344.14
2019-01-17 19:00:00,325.86
2019-01-17 20:00:00,264.26
2019-01-17 21:00:00,245.74
2019-01-17 22:00:00,221.12
2019-01-17 23:00:00,199.46
2019-01-18 00:00:00,0.0
2019-01-18 01:00:00,0.0
2019-01-18 02:00:00,0.0
2019-01-18 03:00:00,0.0
2019-01-18 04:00:00,0.0
2019-01-18 05:00:00,0.0
2019-01-18 06:00:00,0.0
2019-01-18 07:00:00,0.0
2019-01-18 08:00:00,0.0
2019-01-18 09:00:00,0.0
2019-01-18 10:00:00,0.0
2019-01-18 11:00:00,0.0
2019-01-18 12:00:00,0.0
2019-01-18 13:00:00,0.0
2019-01-18 14:00:00,0.0
2019-01-18 15:00:00,0.0
2019-01-18 16:00:00,0.0
2019-01-18 17:00:00,0.0
2019-01-18 18:00:00,0.0
2019-01-18 19:00:00,0.0
2019-01-18 20:00:00,0.0
2019-01-18 21:00:00,0.0
2019-01-18 22:00:00,0.0
2019-01-18 23:00:00,0.0
2019-01-19 00:00:00,0.0
2019-01-19 01:00:00,0.0
2019-01-19 02:00:00,0.0
2019-01-19 03:00:00,0.0
2019-01-19 04:00:00,0.0
2019-01-19 05:00:00,0.0
2019-01-19 06:00:00,0.0
2019-01-19 07:00:00,0.0
2019-01-19 08:00:00,0.0
2019-01-19 09:00:00,0.0
2019-01-19 10:00:00,0.0
2019-01-19 11:00:00,0.0
2019-01-19 12:00:00,0.0
2019-01-19 13:00:00,0.0
2019-01-19 14:00:00,0.0
2019-01-19 15:00:00,0.0
2019-01-19 16:00:00,0.0
2019-01-19 17:00:00,0.0
2019-01-19 18:00:00,0.0
2019-01-19 19:00:00,0.0
2019-01-19 20:00:00,0.0
2019-01-19 21:00:00,0.0
2019-01-19 22:00:00,0.0
2019-01-19 23:00:00,0.0
2019-01-20 00:00:00,0.0
2019-01-20 01:00:00,0.0
2019-01-20 02:00:00,0.0
2019-01-20 03:00:00,0.0
2019-01-20 04:00:00,0.0
2019-01-20 05:00:00,0.0
2019-01-20 06:00:00,0.0
2019-01-20 07:00:00,0.0
2019-01-20 08:00:00,0.0
2019-01-20 09:00:00,0.0
2019-01-20 10:00:00,0.0
2019-01-20 11:00:00,0.0
2019-01-20 12:00:00,0.0
2019-01-20 13:00:00,0.0
2019-01-20 14:00:00,0.0
2019-01-20 15:00:00,0.0
2019-01-20 16:00:00,0.0
2019-01-20 17:00:00,0.0
2019-01-20 18:00:00,0.0
2019-01-20 19:00:00,0.0
2019-01-20 20:00:00,0.0
2019-01-20 21:00:00,0.0
2019-01-20 22:00:00,0.0
2019-01-20 23:00:00,0.0
2019-01-21 00:00:00,183.73000000000002
2019-01-21 01:00:00,179.89999999999998
2019-01-21 02:00:00,180.04
2019-01-21 03:00:00,179.32000000000002
2019-01-21 04:00:00,181.35999999999999
2019-01-21 05:00:00,183.03
2019-01-21 06:00:00,256.55
2019-01-21 07:00:00,321.8
2019-01-21 08:00:00,373.22
2019-01-21 09:00:00,451.88
2019-01-21 10:00:00,433.77000000000004
2019-01-21 11:00:00,447.42999999999995
2019-01-21 12:00:00,439.39
2019-01-21 13:00:00,453.56000000000006
2019-01-21 14:00:00,411.33000000000004
2019-01-21 15:00:00,367.58
2019-01-21 16:00:00,352.40999999999997
2019-01-21 17:00:00,343.04
2019-01-21 18:00:00,298.87
2019-01-21 19:00:00,280.95
2019-01-21 20:00:00,242.51
2019-01-21 21:00:00,222.92000000000002
2019-01-21 22:00:00,208.24000000000004
2019-01-21 23:00:00,188.12000000000003
2019-01-22 00:00:00,180.65
2019-01-22 01:00:00,184.34
2019-01-22 02:00:00,183.65999999999997
2019-01-22 03:00:00,183.26
2019-01-22 04:00:00,180.45000000000002
2019-01-22 05:00:00,174.34
2019-01-22 06:00:00,233.66
2019-01-22 07:00:00,309.35
2019-01-22 08:00:00,375.96000000000004
2019-01-22 09:00:00,435.15
2019-01-22 10:00:00,430.48
2019-01-22 11:00:00,440.86
2019-01-22 12:00:00,413.76
2019-01-22 13:00:00,425.0
2019-01-22 14:00:00,394.5
2019-01-22 15:00:00,352.43
2019-01-22 16:00:00,308.27
2019-01-22 17:00:00,290.59999999999997
2019-01-22 18:00:00,289.19
2019-01-22 19:00:00,276.76
2019-01-22 20:00:00,239.95000000000002
2019-01-22 21:00:00,206.70999999999998
2019-01-22 22:00:00,196.91000000000003
2019-01-22 23:00:00,187.31
2019-01-23 00:00:00,181.08
2019-01-23 01:00:00,178.75000000000003
2019-01-23 02:00:00,184.85
2019-01-23 03:00:00,180.44
2019-01-23 04:00:00,177.05
2019-01-23 05:00:00,179.84
2019-01-23 06:00:00,238.13
2019-01-23 07:00:00,313.15999999999997
2019-01-23 08:00:00,380.25
2019-01-23 09:00:00,451.83000000000004
2019-01-23 10:00:00,447.68
2019-01-23 11:00:00,442.96000000000004
2019-01-23 12:00:00,432.53
2019-01-23 13:00:00,434.2
2019-01-23 14:00:00,400.41999999999996
2019-01-23 15:00:00,353.64
2019-01-23 16:00:00,336.58
2019-01-23 17:00:00,326.73
2019-01-23 18:00:00,314.29999999999995
2019-01-23 19:00:00,288.79999999999995
2019-01-23 20:00:00,253.55999999999997
2019-01-23 21:00:00,222.58999999999997
2019-01-23 22:00:00,207.29
2019-01-23 23:00:00,196.38
2019-01-24 00:00:00,191.49
2019-01-24 01:00:00,195.26000000000002
2019-01-24 02:00:00,192.78
2019-01-24 03:00:00,181.66000000000003
2019-01-24 04:00:00,171.41
2019-01-24 05:00:00,171.87
2019-01-24 06:00:00,243.68
2019-01-24 07:00:00,299.21
2019-01-24 08:00:00,358.08
2019-01-24 09:00:00,413.6599999999999
2019-01-24 10:00:00,413.55000000000007
2019-01-24 11:00:00,441.61
2019-01-24 12:00:00,413.69
2019-01-24 13:00:00,412.8
2019-01-24 14:00:00,401.28999999999996
2019-01-24 15:00:00,374.90999999999997
2019-01-24 16:00:00,341.87
2019-01-24 17:00:00,328.26000000000005
2019-01-24 18:00:00,313.02
2019-01-24 19:00:00,288.03999999999996
2019-01-24 20:00:00,255.26999999999998
2019-01-24 21:00:00,218.58999999999997
2019-01-24 22:00:00,206.35999999999999
2019-01-24 23:00:00,187.14000000000001
2019-01-25 00:00:00,178.07999999999998
2019-01-25 01:00:00,180.79
2019-01-25 02:00:00,178.45
2019-01-25 03:00:00,169.79000000000002
2019-01-25 04:00:00,170.23000000000002
2019-01-25 05:00:00,172.23999999999998
2019-01-25 06:00:00,250.73000000000002
2019-01-25 07:00:00,325.1
2019-01-25 08:00:00,388.93
2019-01-25 09:00:00,424.44999999999993
2019-01-25 10:00:00,438.58
2019-01-25 11:00:00,477.59000000000003
2019-01-25 12:00:00,460.08
2019-01-25 13:00:00,439.32
2019-01-25 14:00:00,401.57000000000005
2019-01-25 15:00:00,367.82000000000005
2019-01-25 16:00:00,338.91999999999996
2019-01-25 17:00:00,308.21000000000004
2019-01-25 18:00:00,291.18
2019-01-25 19:00:00,277.94
2019-01-25 20:00:00,253.32000000000002
2019-01-25 21:00:00,230.35000000000002
2019-01-25 22:00:00,208.68
2019-01-25 23:00:00,181.69
2019-01-26 00:00:00,170.95
2019-01-26 01:00:00,166.23
2019-01-26 02:00:00,158.52
2019-01-26 03:00:00,158.2
2019-01-26 04:00:00,158.67000000000002
2019-01-26 05:00:00,159.51999999999998
2019-01-26 06:00:00,203.7
2019-01-26 07:00:00,207.10999999999999
2019-01-26 08:00:00,234.06000000000003
2019-01-26 09:00:00,240.01
2019-01-26 10:00:00,269.2
2019-01-26 11:00:00,285.61
2019-01-26 12:00:00,298.62000000000006
2019-01-26 13:00:00,288.58
2019-01-26 14:00:00,290.85
2019-01-26 15:00:00,287.38
2019-01-26 16:00:00,262.53000000000003
2019-01-26 17:00:00,265.96
2019-01-26 18:00:00,261.7
2019-01-26 19:00:00,259.55
2019-01-26 20:00:00,250.73
2019-01-26 21:00:00,236.53
2019-01-26 22:00:00,211.4
2019-01-26 23:00:00,175.72
2019-01-27 00:00:00,161.46999999999997
2019-01-27 01:00:00,161.82999999999998
2019-01-27 02:00:00,160.98
2019-01-27 03:00:00,159.83
2019-01-27 04:00:00,162.32
2019-01-27 05:00:00,163.94
2019-01-27 06:00:00,190.51
2019-01-27 07:00:00,190.75
2019-01-27 08:00:00,193.54
2019-01-27 09:00:00,185.92000000000002
2019-01-27 10:00:00,186.49
2019-01-27 11:00:00,186.89
2019-01-27 12:00:00,186.65
2019-01-27 13:00:00,194.71
2019-01-27 14:00:00,199.51
2019-01-27 15:00:00,195.78
2019-01-27 16:00:00,197.30999999999997
2019-01-27 17:00:00,210.48
2019-01-27 18:00:00,208.05
2019-01-27 19:00:00,203.24
2019-01-27 20:00:00,203.32999999999998
2019-01-27 21:00:00,204.7
2019-01-27 22:00:00,195.24
2019-01-27 23:00:00,175.58
2019-01-28 00:00:00,161.57
2019-01-28 01:00:00,158.65
2019-01-28 02:00:00,158.41
2019-01-28 03:00:00,157.57999999999998
2019-01-28 04:00:00,158.48999999999998
2019-01-28 05:00:00,168.48999999999998
2019-01-28 06:00:00,234.99
2019-01-28 07:00:00,303.81
2019-01-28 08:00:00,367.21
2019-01-28 09:00:00,419.39000000000004
2019-01-28 10:00:00,397.52000000000004
2019-01-28 11:00:00,403.13000000000005
2019-01-28 12:00:00,416.75
2019-01-28 13:00:00,414.71999999999997
2019-01-28 14:00:00,388.10999999999996
2019-01-28 15:00:00,348.6
2019-01-28 16:00:00,334.83
2019-01-28 17:00:00,335.82
2019-01-28 18:00:00,317.19
2019-01-28 19:00:00,290.32
2019-01-28 20:00:00,247.06
2019-01-28 21:00:00,224.1
2019-01-28 22:00:00,202.42
2019-01-28 23:00:00,182.69
2019-01-29 00:00:00,167.18
2019-01-29 01:00:00,174.09
2019-01-29 02:00:00,177.98000000000002
2019-01-29 03:00:00,166.6
2019-01-29 04:00:00,159.92
2019-01-29 05:00:00,171.28
2019-01-29 06:00:00,238.26000000000002
2019-01-29 07:00:00,303.48
2019-01-29 08:00:00,390.17999999999995
2019-01-29 09:00:00,442.62
2019-01-29 10:00:00,452.42
2019-01-29 11:00:00,476.2
2019-01-29 12:00:00,441.6
2019-01-29 13:00:00,447.38
2019-01-29 14:00:00,415.48
2019-01-29 15:00:00,365.57
2019-01-29 16:00:00,328.52000000000004
2019-01-29 17:00:00,323.05
2019-01-29 18:00:00,310.71999999999997
2019-01-29 19:00:00,294.86
2019-01-29 20:00:00,254.29
2019-01-29 21:00:00,216.5
2019-01-29 22:00:00,198.10000000000002
2019-01-29 23:00:00,176.86
2019-01-30 00:00:00,167.29000000000002
2019-01-30 01:00:00,166.35
2019-01-30 02:00:00,166.98
2019-01-30 03:00:00,166.95
2019-01-30 04:00:00,167.92999999999998
2019-01-30 05:00:00,179.23000000000002
2019-01-30 06:00:00,246.14999999999998
2019-01-30 07:00:00,331.38
2019-01-30 08:00:00,395.84000000000003
2019-01-30 09:00:00,457.95000000000005
2019-01-30 10:00:00,442.87
2019-01-30 11:00:00,462.29
2019-01-30 12:00:00,435.91999999999996
2019-01-30 13:00:00,424.96000000000004
2019-01-30 14:00:00,395.69
2019-01-30 15:00:00,350.91999999999996
2019-01-30 16:00:00,318.26
2019-01-30 17:00:00,311.85
2019-01-30 18:00:00,305.70000000000005
2019-01-30 19:00:00,291.69000000000005
2019-01-30 20:00:00,246.59000000000003
2019-01-30 21:00:00,217.56
2019-01-30 22:00:00,205.97
2019-01-30 23:00:00,182.96
2019-01-31 00:00:00,168.53
2019-01-31 01:00:00,173.55
2019-01-31 02:00:00,172.86
2019-01-31 03:00:00,169.92999999999998
2019-01-31 04:00:00,163.04
2019-01-31 05:00:00,170.45000000000002
2019-01-31 06:00:00,243.46999999999997
2019-01-31 07:00:00,304.95
2019-01-31 08:00:00,361.56999999999994
2019-01-31 09:00:00,417.3
2019-01-31 10:00:00,434.53
2019-01-31 11:00:00,464.39
2019-01-31 12:00:00,433.52
2019-01-31 13:00:00,428.57
2019-01-31 14:00:00,407.6
2019-01-31 15:00:00,375.34999999999997
2019-01-31 16:00:00,345.09
2019-01-31 17:00:00,330.27000000000004
2019-01-31 18:00:00,325.75
2019-01-31 19:00:00,304.41
2019-01-31 20:00:00,249.17000000000002
2019-01-31 21:00:00,209.57
2019-01-31 22:00:00,192.32
2019-01-31 23:00:00,171.18
2019-02-01 00:00:00,161.5
2019-02-01 01:00:00,160.67000000000002
2019-02-01 02:00:00,160.43
2019-02-01 03:00:00,160.29999999999998
2019-02-01 04:00:00,160.82
2019-02-01 05:00:00,173.60000000000002
2019-02-01 06:00:00,250.5
2019-02-01 07:00:00,320.32
2019-02-01 08:00:00,378.29
2019-02-01 09:00:00,419.44999999999993
2019-02-01 10:00:00,444.04999999999995
2019-02-01 11:00:00,471.94000000000005
2019-02-01 12:00:00,452.60999999999996
2019-02-01 13:00:00,437.2
2019-02-01 14:00:00,403.34
2019-02-01 15:00:00,368.02
2019-02-01 16:00:00,342.3
2019-02-01 17:00:00,321.45
2019-02-01 18:00:00,286.71
2019-02-01 19:00:00,266.63000000000005
2019-02-01 20:00:00,248.47999999999996
2019-02-01 21:00:00,221.96
2019-02-01 22:00:00,201.97
2019-02-01 23:00:00,178.17000000000002
2019-02-02 00:00:00,168.21
2019-02-02 01:00:00,168.53
2019-02-02 02:00:00,168.21
2019-02-02 03:00:00,166.10999999999999
2019-02-02 04:00:00,168.42
2019-02-02 05:00:00,170.46
2019-02-02 06:00:00,222.33999999999997
2019-02-02 07:00:00,224.98999999999998
2019-02-02 08:00:00,232.92999999999998
2019-02-02 09:00:00,256.57
2019-02-02 10:00:00,300.46
2019-02-02 11:00:00,315.71
2019-02-02 12:00:00,314.33000000000004
2019-02-02 13:00:00,318.37
2019-02-02 14:00:00,316.18
2019-02-02 15:00:00,313.97
2019-02-02 16:00:00,272.2
2019-02-02 17:00:00,269.49
2019-02-02 18:00:00,266.99
2019-02-02 19:00:00,261.04
2019-02-02 20:00:00,264.83
2019-02-02 21:00:00,249.27999999999997
2019-02-02 22:00:00,216.13
2019-02-02 23:00:00,186.95000000000002
2019-02-03 00:00:00,179.74000000000004
2019-02-03 01:00:00,180.74
2019-02-03 02:00:00,173.25
2019-02-03 03:00:00,169.41
2019-02-03 04:00:00,169.62999999999997
2019-02-03 05:00:00,170.46
2019-02-03 06:00:00,204.29
2019-02-03 07:00:00,207.43
2019-02-03 08:00:00,210.64999999999998
2019-02-03 09:00:00,213.17999999999998
2019-02-03 10:00:00,222.03
2019-02-03 11:00:00,223.58999999999997
2019-02-03 12:00:00,225.70999999999998
2019-02-03 13:00:00,219.29999999999998
2019-02-03 14:00:00,212.05
2019-02-03 15:00:00,204.31
2019-02-03 16:00:00,196.95
2019-02-03 17:00:00,204.54
2019-02-03 18:00:00,200.68999999999997
2019-02-03 19:00:00,196.67000000000002
2019-02-03 20:00:00,197.64999999999998
2019-02-03 21:00:00,195.5
2019-02-03 22:00:00,186.92000000000002
2019-02-03 23:00:00,169.16000000000003
2019-02-04 00:00:00,0.0
2019-02-04 01:00:00,0.0
2019-02-04 02:00:00,0.0
2019-02-04 03:00:00,0.0
2019-02-04 04:00:00,0.0
2019-02-04 05:00:00,0.0
2019-02-04 06:00:00,0.0
2019-02-04 07:00:00,0.0
2019-02-04 08:00:00,0.0
2019-02-04 09:00:00,0.0
2019-02-04 10:00:00,0.0
2019-02-04 11:00:00,0.0
2019-02-04 12:00:00,0.0
2019-02-04 13:00:00,0.0
2019-02-04 14:00:00,0.0
2019-02-04 15:00:00,0.0
2019-02-04 16:00:00,0.0
2019-02-04 17:00:00,0.0
2019-02-04 18:00:00,0.0
2019-02-04 19:00:00,0.0
2019-02-04 20:00:00,0.0
2019-02-04 21:00:00,0.0
2019-02-04 22:00:00,0.0
2019-02-04 23:00:00,0.0
2019-02-05 00:00:00,179.50000000000003
2019-02-05 01:00:00,182.17000000000002
2019-02-05 02:00:00,185.37
2019-02-05 03:00:00,182.10999999999999
2019-02-05 04:00:00,168.45
2019-02-05 05:00:00,180.54
2019-02-05 06:00:00,254.89999999999998
2019-02-05 07:00:00,331.86
2019-02-05 08:00:00,381.13
2019-02-05 09:00:00,438.36
2019-02-05 10:00:00,440.83
2019-02-05 11:00:00,462.56
2019-02-05 12:00:00,437.41999999999996
2019-02-05 13:00:00,447.45
2019-02-05 14:00:00,421.39
2019-02-05 15:00:00,377.61
2019-02-05 16:00:00,331.75999999999993
2019-02-05 17:00:00,323.20000000000005
2019-02-05 18:00:00,307.56
2019-02-05 19:00:00,289.58
2019-02-05 20:00:00,249.05
2019-02-05 21:00:00,208.89000000000001
2019-02-05 22:00:00,194.15
2019-02-05 23:00:00,172.62
2019-02-06 00:00:00,164.32999999999998
2019-02-06 01:00:00,163.95
2019-02-06 02:00:00,163.32
2019-02-06 03:00:00,162.1
2019-02-06 04:00:00,165.56
2019-02-06 05:00:00,175.0
2019-02-06 06:00:00,249.2
2019-02-06 07:00:00,317.92999999999995
2019-02-06 08:00:00,382.37
2019-02-06 09:00:00,446.18
2019-02-06 10:00:00,463.06
2019-02-06 11:00:00,465.14
2019-02-06 12:00:00,425.15
2019-02-06 13:00:00,427.30000000000007
2019-02-06 14:00:00,398.8
2019-02-06 15:00:00,354.67
2019-02-06 16:00:00,311.89
2019-02-06 17:00:00,317.73999999999995
2019-02-06 18:00:00,313.07000000000005
2019-02-06 19:00:00,300.84
2019-02-06 20:00:00,249.08999999999997
2019-02-06 21:00:00,221.56999999999996
2019-02-06 22:00:00,208.94000000000003
2019-02-06 23:00:00,187.25
2019-02-07 00:00:00,170.89
2019-02-07 01:00:00,172.23
2019-02-07 02:00:00,172.6
2019-02-07 03:00:00,166.26
2019-02-07 04:00:00,166.4
2019-02-07 05:00:00,176.2
2019-02-07 06:00:00,254.24
2019-02-07 07:00:00,325.03
2019-02-07 08:00:00,365.93999999999994
2019-02-07 09:00:00,409.27000000000004
2019-02-07 10:00:00,424.29
2019-02-07 11:00:00,434.64
2019-02-07 12:00:00,422.99
2019-02-07 13:00:00,414.21
2019-02-07 14:00:00,371.86
2019-02-07 15:00:00,351.67
2019-02-07 16:00:00,324.96000000000004
2019-02-07 17:00:00,319.34
2019-02-07 18:00:00,307.32
2019-02-07 19:00:00,291.59000000000003
2019-02-07 20:00:00,232.68
2019-02-07 21:00:00,200.98
2019-02-07 22:00:00,191.14000000000001
2019-02-07 23:00:00,171.01
2019-02-08 00:00:00,162.06999999999996
2019-02-08 01:00:00,159.92
2019-02-08 02:00:00,159.29000000000002
2019-02-08 03:00:00,159.14
2019-02-08 04:00:00,161.58
2019-02-08 05:00:00,172.32000000000002
2019-02-08 06:00:00,242.82
2019-02-08 07:00:00,308.76000000000005
2019-02-08 08:00:00,374.99
2019-02-08 09:00:00,424.59000000000003
2019-02-08 10:00:00,416.63
2019-02-08 11:00:00,467.6
2019-02-08 12:00:00,443.98
2019-02-08 13:00:00,445.72
2019-02-08 14:00:00,403.21000000000004
2019-02-08 15:00:00,375.59
2019-02-08 16:00:00,349.09
2019-02-08 17:00:00,329.13000000000005
2019-02-08 18:00:00,308.58000000000004
2019-02-08 19:00:00,302.2
2019-02-08 20:00:00,292.25
2019-02-08 21:00:00,276.44000000000005
2019-02-08 22:00:00,236.79
2019-02-08 23:00:00,192.79
2019-02-09 00:00:00,177.95999999999998
2019-02-09 01:00:00,178.35000000000002
2019-02-09 02:00:00,177.37
2019-02-09 03:00:00,175.48000000000002
2019-02-09 04:00:00,177.25
2019-02-09 05:00:00,178.85
2019-02-09 06:00:00,233.79000000000002
2019-02-09 07:00:00,238.04999999999998
2019-02-09 08:00:00,238.97
2019-02-09 09:00:00,268.94
2019-02-09 10:00:00,314.29
2019-02-09 11:00:00,318.65000000000003
2019-02-09 12:00:00,317.06
2019-02-09 13:00:00,319.16
2019-02-09 14:00:00,315.36
2019-02-09 15:00:00,313.78000000000003
2019-02-09 16:00:00,290.95
2019-02-09 17:00:00,296.53000000000003
2019-02-09 18:00:00,290.03
2019-02-09 19:00:00,277.9
2019-02-09 20:00:00,274.90000000000003
2019-02-09 21:00:00,278.42
2019-02-09 22:00:00,240.81
2019-02-09 23:00:00,202.0
2019-02-10 00:00:00,187.89000000000001
2019-02-10 01:00:00,188.83
2019-02-10 02:00:00,186.89000000000001
2019-02-10 03:00:00,185.72
2019-02-10 04:00:00,185.44
2019-02-10 05:00:00,186.53
2019-02-10 06:00:00,225.33000000000004
2019-02-10 07:00:00,230.64000000000001
2019-02-10 08:00:00,221.33999999999997
2019-02-10 09:00:00,214.82000000000002
2019-02-10 10:00:00,217.6
2019-02-10 11:00:00,216.57999999999998
2019-02-10 12:00:00,221.2
2019-02-10 13:00:00,221.65999999999997
2019-02-10 14:00:00,219.85999999999999
2019-02-10 15:00:00,214.37
2019-02-10 16:00:00,200.76
2019-02-10 17:00:00,208.78
2019-02-10 18:00:00,212.08
2019-02-10 19:00:00,211.77
2019-02-10 20:00:00,209.16
2019-02-10 21:00:00,209.51
2019-02-10 22:00:00,194.9
2019-02-10 23:00:00,177.17000000000002
2019-02-11 00:00:00,163.64
2019-02-11 01:00:00,189.71
2019-02-11 02:00:00,168.08
2019-02-11 03:00:00,168.85999999999999
2019-02-11 04:00:00,171.94
2019-02-11 05:00:00,179.45000000000002
2019-02-11 06:00:00,257.85999999999996
2019-02-11 07:00:00,334.93
2019-02-11 08:00:00,390.59000000000003
2019-02-11 09:00:00,436.84000000000003
2019-02-11 10:00:00,449.32
2019-02-11 11:00:00,458.45
2019-02-11 12:00:00,450.73
2019-02-11 13:00:00,461.9
2019-02-11 14:00:00,425.44000000000005
2019-02-11 15:00:00,387.15999999999997
2019-02-11 16:00:00,348.5
2019-02-11 17:00:00,351.16
2019-02-11 18:00:00,334.29
2019-02-11 19:00:00,312.62
2019-02-11 20:00:00,251.03
2019-02-11 21:00:00,231.35000000000002
2019-02-11 22:00:00,209.68
2019-02-11 23:00:00,194.93
2019-02-12 00:00:00,180.72000000000003
2019-02-12 01:00:00,182.04
2019-02-12 02:00:00,186.38
2019-02-12 03:00:00,190.11999999999998
2019-02-12 04:00:00,184.91
2019-02-12 05:00:00,183.86999999999998
2019-02-12 06:00:00,248.31
2019-02-12 07:00:00,332.89
2019-02-12 08:00:00,391.03999999999996
2019-02-12 09:00:00,461.99
2019-02-12 10:00:00,463.05999999999995
2019-02-12 11:00:00,458.97
2019-02-12 12:00:00,445.83
2019-02-12 13:00:00,456.25
2019-02-12 14:00:00,423.50000000000006
2019-02-12 15:00:00,385.27000000000004
2019-02-12 16:00:00,332.65000000000003
2019-02-12 17:00:00,336.03999999999996
2019-02-12 18:00:00,329.13
2019-02-12 19:00:00,307.54
2019-02-12 20:00:00,264.03999999999996
2019-02-12 21:00:00,227.07000000000002
2019-02-12 22:00:00,203.16
2019-02-12 23:00:00,181.01
2019-02-13 00:00:00,171.45000000000002
2019-02-13 01:00:00,172.17000000000002
2019-02-13 02:00:00,171.01
2019-02-13 03:00:00,171.29000000000002
2019-02-13 04:00:00,172.91
2019-02-13 05:00:00,177.35
2019-02-13 06:00:00,259.33000000000004
2019-02-13 07:00:00,334.0
2019-02-13 08:00:00,401.52
2019-02-13 09:00:00,473.44
2019-02-13 10:00:00,458.66
2019-02-13 11:00:00,469.34
2019-02-13 12:00:00,452.72999999999996
2019-02-13 13:00:00,450.36999999999995
2019-02-13 14:00:00,441.18999999999994
2019-02-13 15:00:00,393.04999999999995
2019-02-13 16:00:00,352.25
2019-02-13 17:00:00,352.08
2019-02-13 18:00:00,340.83
2019-02-13 19:00:00,320.18000000000006
2019-02-13 20:00:00,266.2
2019-02-13 21:00:00,245.63
2019-02-13 22:00:00,220.37000000000003
2019-02-13 23:00:00,200.5
2019-02-14 00:00:00,188.23
2019-02-14 01:00:00,197.65000000000003
2019-02-14 02:00:00,185.2
2019-02-14 03:00:00,181.32999999999998
2019-02-14 04:00:00,174.18
2019-02-14 05:00:00,185.47
2019-02-14 06:00:00,264.62
2019-02-14 07:00:00,334.26000000000005
2019-02-14 08:00:00,374.88
2019-02-14 09:00:00,435.41
2019-02-14 10:00:00,423.53
2019-02-14 11:00:00,459.79
2019-02-14 12:00:00,449.44
2019-02-14 13:00:00,443.59
2019-02-14 14:00:00,408.98
2019-02-14 15:00:00,399.45000000000005
2019-02-14 16:00:00,353.9
2019-02-14 17:00:00,356.72999999999996
2019-02-14 18:00:00,350.07
2019-02-14 19:00:00,329.6
2019-02-14 20:00:00,292.26
2019-02-14 21:00:00,250.98000000000002
2019-02-14 22:00:00,208.12
2019-02-14 23:00:00,177.57999999999998
2019-02-15 00:00:00,167.32000000000002
2019-02-15 01:00:00,168.55
2019-02-15 02:00:00,167.54
2019-02-15 03:00:00,168.70000000000002
2019-02-15 04:00:00,167.51999999999998
2019-02-15 05:00:00,179.70000000000002
2019-02-15 06:00:00,260.95
2019-02-15 07:00:00,333.96000000000004
2019-02-15 08:00:00,391.43999999999994
2019-02-15 09:00:00,436.2200000000001
2019-02-15 10:00:00,439.12
2019-02-15 11:00:00,473.73
2019-02-15 12:00:00,449.31
2019-02-15 13:00:00,427.46
2019-02-15 14:00:00,392.34
2019-02-15 15:00:00,359.28
2019-02-15 16:00:00,327.04
2019-02-15 17:00:00,328.22999999999996
2019-02-15 18:00:00,320.97
2019-02-15 19:00:00,310.58000000000004
2019-02-15 20:00:00,300.00000000000006
2019-02-15 21:00:00,276.81
2019-02-15 22:00:00,228.32999999999998
2019-02-15 23:00:00,187.03
2019-02-16 00:00:00,175.22000000000003
2019-02-16 01:00:00,172.54
2019-02-16 02:00:00,171.95000000000002
2019-02-16 03:00:00,173.4
2019-02-16 04:00:00,172.29
2019-02-16 05:00:00,173.92999999999998
2019-02-16 06:00:00,229.92
2019-02-16 07:00:00,238.04000000000002
2019-02-16 08:00:00,246.76000000000005
2019-02-16 09:00:00,261.41
2019-02-16 10:00:00,286.95000000000005
2019-02-16 11:00:00,293.78
2019-02-16 12:00:00,297.14
2019-02-16 13:00:00,287.49
2019-02-16 14:00:00,286.1
2019-02-16 15:00:00,298.62
2019-02-16 16:00:00,274.89000000000004
2019-02-16 17:00:00,279.02
2019-02-16 18:00:00,283.90999999999997
2019-02-16 19:00:00,275.23999999999995
2019-02-16 20:00:00,269.14000000000004
2019-02-16 21:00:00,257.07
2019-02-16 22:00:00,214.27999999999997
2019-02-16 23:00:00,182.93
2019-02-17 00:00:00,174.86
2019-02-17 01:00:00,177.23000000000002
2019-02-17 02:00:00,175.32
2019-02-17 03:00:00,180.17
2019-02-17 04:00:00,181.01999999999998
2019-02-17 05:00:00,183.97
2019-02-17 06:00:00,222.72999999999996
2019-02-17 07:00:00,223.73
2019-02-17 08:00:00,211.14
2019-02-17 09:00:00,204.10999999999999
2019-02-17 10:00:00,206.73000000000002
2019-02-17 11:00:00,207.78
2019-02-17 12:00:00,208.64
2019-02-17 13:00:00,219.26
2019-02-17 14:00:00,222.92999999999998
2019-02-17 15:00:00,219.98000000000002
2019-02-17 16:00:00,210.36000000000004
2019-02-17 17:00:00,216.79
2019-02-17 18:00:00,220.97000000000003
2019-02-17 19:00:00,220.62999999999997
2019-02-17 20:00:00,219.79
2019-02-17 21:00:00,220.41
2019-02-17 22:00:00,202.69
2019-02-17 23:00:00,185.26999999999998
2019-02-18 00:00:00,174.22
2019-02-18 01:00:00,173.2
2019-02-18 02:00:00,173.53
2019-02-18 03:00:00,170.93999999999997
2019-02-18 04:00:00,174.67999999999998
2019-02-18 05:00:00,181.42999999999998
2019-02-18 06:00:00,255.32
2019-02-18 07:00:00,315.65999999999997
2019-02-18 08:00:00,336.87
2019-02-18 09:00:00,363.17999999999995
2019-02-18 10:00:00,381.32
2019-02-18 11:00:00,372.63
2019-02-18 12:00:00,367.91
2019-02-18 13:00:00,372.34000000000003
2019-02-18 14:00:00,369.44
2019-02-18 15:00:00,343.3
2019-02-18 16:00:00,319.05
2019-02-18 17:00:00,321.7
2019-02-18 18:00:00,309.53
2019-02-18 19:00:00,287.42999999999995
2019-02-18 20:00:00,248.5
2019-02-18 21:00:00,228.82999999999998
2019-02-18 22:00:00,211.64000000000001
2019-02-18 23:00:00,191.23
2019-02-19 00:00:00,180.22
2019-02-19 01:00:00,180.54999999999998
2019-02-19 02:00:00,180.08
2019-02-19 03:00:00,179.16
2019-02-19 04:00:00,180.78
2019-02-19 05:00:00,190.39999999999998
2019-02-19 06:00:00,273.44
2019-02-19 07:00:00,320.15000000000003
2019-02-19 08:00:00,321.79
2019-02-19 09:00:00,363.40000000000003
2019-02-19 10:00:00,369.96000000000004
2019-02-19 11:00:00,353.84999999999997
2019-02-19 12:00:00,363.73999999999995
2019-02-19 13:00:00,365.31
2019-02-19 14:00:00,364.75
2019-02-19 15:00:00,347.95
2019-02-19 16:00:00,324.78999999999996
2019-02-19 17:00:00,320.94
2019-02-19 18:00:00,305.29
2019-02-19 19:00:00,283.19
2019-02-19 20:00:00,244.74
2019-02-19 21:00:00,223.97000000000003
2019-02-19 22:00:00,209.18
2019-02-19 23:00:00,183.69
2019-02-20 00:00:00,174.07
2019-02-20 01:00:00,174.53
2019-02-20 02:00:00,174.26999999999998
2019-02-20 03:00:00,172.64
2019-02-20 04:00:00,174.09
2019-02-20 05:00:00,187.32999999999998
2019-02-20 06:00:00,265.67
2019-02-20 07:00:00,311.28999999999996
2019-02-20 08:00:00,319.77000000000004
2019-02-20 09:00:00,370.94
2019-02-20 10:00:00,372.87
2019-02-20 11:00:00,366.06
2019-02-20 12:00:00,378.52
2019-02-20 13:00:00,383.59000000000003
2019-02-20 14:00:00,365.09
2019-02-20 15:00:00,354.46999999999997
2019-02-20 16:00:00,334.78
2019-02-20 17:00:00,319.59000000000003
2019-02-20 18:00:00,319.45
2019-02-20 19:00:00,301.75
2019-02-20 20:00:00,252.55
2019-02-20 21:00:00,232.06
2019-02-20 22:00:00,210.71
2019-02-20 23:00:00,188.16
2019-02-21 00:00:00,177.87
2019-02-21 01:00:00,180.55
2019-02-21 02:00:00,180.57
2019-02-21 03:00:00,176.70000000000002
2019-02-21 04:00:00,174.02
2019-02-21 05:00:00,180.82999999999998
2019-02-21 06:00:00,264.26
2019-02-21 07:00:00,306.55
2019-02-21 08:00:00,325.20000000000005
2019-02-21 09:00:00,369.46999999999997
2019-02-21 10:00:00,373.9
2019-02-21 11:00:00,368.37
2019-02-21 12:00:00,376.59000000000003
2019-02-21 13:00:00,378.09000000000003
2019-02-21 14:00:00,381.68
2019-02-21 15:00:00,362.28000000000003
2019-02-21 16:00:00,346.95
2019-02-21 17:00:00,335.7
2019-02-21 18:00:00,329.6
2019-02-21 19:00:00,306.88999999999993
2019-02-21 20:00:00,260.75
2019-02-21 21:00:00,224.55
2019-02-21 22:00:00,207.56
2019-02-21 23:00:00,185.79
2019-02-22 00:00:00,176.54999999999998
2019-02-22 01:00:00,176.62
2019-02-22 02:00:00,177.54
2019-02-22 03:00:00,175.97
2019-02-22 04:00:00,175.82999999999998
2019-02-22 05:00:00,183.66
2019-02-22 06:00:00,257.85
2019-02-22 07:00:00,319.91999999999996
2019-02-22 08:00:00,322.37
2019-02-22 09:00:00,359.83000000000004
2019-02-22 10:00:00,377.90999999999997
2019-02-22 11:00:00,377.2900000000001
2019-02-22 12:00:00,381.35999999999996
2019-02-22 13:00:00,376.36
2019-02-22 14:00:00,367.84000000000003
2019-02-22 15:00:00,356.67
2019-02-22 16:00:00,327.47
2019-02-22 17:00:00,319.88
2019-02-22 18:00:00,302.3
2019-02-22 19:00:00,289.46000000000004
2019-02-22 20:00:00,272.63
2019-02-22 21:00:00,261.03
2019-02-22 22:00:00,232.51000000000002
2019-02-22 23:00:00,207.75
2019-02-23 00:00:00,198.70000000000002
2019-02-23 01:00:00,196.18
2019-02-23 02:00:00,189.76
2019-02-23 03:00:00,192.61
2019-02-23 04:00:00,193.02
2019-02-23 05:00:00,198.99999999999997
2019-02-23 06:00:00,254.75
2019-02-23 07:00:00,255.9
2019-02-23 08:00:00,251.32
2019-02-23 09:00:00,274.78000000000003
2019-02-23 10:00:00,320.99
2019-02-23 11:00:00,315.15
2019-02-23 12:00:00,315.77000000000004
2019-02-23 13:00:00,304.06
2019-02-23 14:00:00,306.64
2019-02-23 15:00:00,314.58000000000004
2019-02-23 16:00:00,279.59999999999997
2019-02-23 17:00:00,255.54999999999998
2019-02-23 18:00:00,268.11
2019-02-23 19:00:00,254.75999999999996
2019-02-23 20:00:00,248.74
2019-02-23 21:00:00,239.91000000000003
2019-02-23 22:00:00,218.04000000000002
2019-02-23 23:00:00,191.74
2019-02-24 00:00:00,184.33
2019-02-24 01:00:00,180.65
2019-02-24 02:00:00,181.32000000000002
2019-02-24 03:00:00,182.86999999999998
2019-02-24 04:00:00,187.42
2019-02-24 05:00:00,186.82
2019-02-24 06:00:00,227.58000000000004
2019-02-24 07:00:00,228.56
2019-02-24 08:00:00,214.66
2019-02-24 09:00:00,216.89
2019-02-24 10:00:00,216.45
2019-02-24 11:00:00,209.67
2019-02-24 12:00:00,215.32000000000002
2019-02-24 13:00:00,216.71
2019-02-24 14:00:00,216.47
2019-02-24 15:00:00,213.38
2019-02-24 16:00:00,207.17999999999998
2019-02-24 17:00:00,213.97
2019-02-24 18:00:00,221.31000000000003
2019-02-24 19:00:00,220.45999999999998
2019-02-24 20:00:00,219.25000000000003
2019-02-24 21:00:00,219.09999999999997
2019-02-24 22:00:00,204.26999999999998
2019-02-24 23:00:00,183.48
2019-02-25 00:00:00,174.01
2019-02-25 01:00:00,173.67
2019-02-25 02:00:00,171.58
2019-02-25 03:00:00,171.48000000000002
2019-02-25 04:00:00,172.91
2019-02-25 05:00:00,183.28
2019-02-25 06:00:00,260.06
2019-02-25 07:00:00,324.81
2019-02-25 08:00:00,348.06
2019-02-25 09:00:00,435.32000000000005
2019-02-25 10:00:00,424.71999999999997
2019-02-25 11:00:00,439.44
2019-02-25 12:00:00,424.46999999999997
2019-02-25 13:00:00,445.90999999999997
2019-02-25 14:00:00,412.94
2019-02-25 15:00:00,377.42
2019-02-25 16:00:00,345.04
2019-02-25 17:00:00,335.39
2019-02-25 18:00:00,325.43
2019-02-25 19:00:00,311.12
2019-02-25 20:00:00,260.47
2019-02-25 21:00:00,229.95000000000005
2019-02-25 22:00:00,208.95000000000002
2019-02-25 23:00:00,188.29000000000002
2019-02-26 00:00:00,179.51
2019-02-26 01:00:00,181.28
2019-02-26 02:00:00,186.28000000000003
2019-02-26 03:00:00,190.68999999999997
2019-02-26 04:00:00,185.18
2019-02-26 05:00:00,185.05
2019-02-26 06:00:00,266.79
2019-02-26 07:00:00,336.38
2019-02-26 08:00:00,398.71
2019-02-26 09:00:00,431.22
2019-02-26 10:00:00,454.69000000000005
2019-02-26 11:00:00,459.85999999999996
2019-02-26 12:00:00,453.53999999999996
2019-02-26 13:00:00,462.2300000000001
2019-02-26 14:00:00,418.88000000000005
2019-02-26 15:00:00,377.02
2019-02-26 16:00:00,332.18
2019-02-26 17:00:00,328.88000000000005
2019-02-26 18:00:00,332.43
2019-02-26 19:00:00,315.9
2019-02-26 20:00:00,273.36
2019-02-26 21:00:00,233.51999999999998
2019-02-26 22:00:00,212.26999999999998
2019-02-26 23:00:00,197.45
2019-02-27 00:00:00,188.39000000000001
2019-02-27 01:00:00,188.33
2019-02-27 02:00:00,193.9
2019-02-27 03:00:00,185.13000000000002
2019-02-27 04:00:00,183.30999999999997
2019-02-27 05:00:00,190.85999999999999
2019-02-27 06:00:00,259.47999999999996
2019-02-27 07:00:00,324.03000000000003
2019-02-27 08:00:00,390.18
2019-02-27 09:00:00,479.43999999999994
2019-02-27 10:00:00,466.67
2019-02-27 11:00:00,468.47
2019-02-27 12:00:00,448.42
2019-02-27 13:00:00,441.91
2019-02-27 14:00:00,406.98
2019-02-27 15:00:00,366.50000000000006
2019-02-27 16:00:00,322.15
2019-02-27 17:00:00,315.71
2019-02-27 18:00:00,326.17
2019-02-27 19:00:00,305.94
2019-02-27 20:00:00,256.77
2019-02-27 21:00:00,230.49000000000004
2019-02-27 22:00:00,214.14000000000001
2019-02-27 23:00:00,197.01999999999998
2019-02-28 00:00:00,187.69
2019-02-28 01:00:00,194.03
2019-02-28 02:00:00,198.28
2019-02-28 03:00:00,195.27
2019-02-28 04:00:00,187.01000000000002
2019-02-28 05:00:00,193.04999999999998
2019-02-28 06:00:00,265.23
2019-02-28 07:00:00,337.50000000000006
2019-02-28 08:00:00,362.07
2019-02-28 09:00:00,419.7899999999999
2019-02-28 10:00:00,436.53000000000003
2019-02-28 11:00:00,443.90000000000003
2019-02-28 12:00:00,443.73
2019-02-28 13:00:00,433.15
2019-02-28 14:00:00,394.04999999999995
2019-02-28 15:00:00,377.93
2019-02-28 16:00:00,354.0
2019-02-28 17:00:00,344.77
2019-02-28 18:00:00,341.72
2019-02-28 19:00:00,327.12
2019-02-28 20:00:00,274.23
2019-02-28 21:00:00,240.1
2019-02-28 22:00:00,215.48
2019-02-28 23:00:00,201.17
2019-03-01 00:00:00,193.07999999999998
2019-03-01 01:00:00,191.9
2019-03-01 02:00:00,192.11
2019-03-01 03:00:00,194.47000000000003
2019-03-01 04:00:00,199.01999999999998
2019-03-01 05:00:00,209.43
2019-03-01 06:00:00,271.40999999999997
2019-03-01 07:00:00,337.39
2019-03-01 08:00:00,402.1
2019-03-01 09:00:00,461.03000000000003
2019-03-01 10:00:00,450.21
2019-03-01 11:00:00,483.1
2019-03-01 12:00:00,458.1
2019-03-01 13:00:00,432.68
2019-03-01 14:00:00,400.07
2019-03-01 15:00:00,372.46999999999997
2019-03-01 16:00:00,335.63000000000005
2019-03-01 17:00:00,313.15999999999997
2019-03-01 18:00:00,323.28999999999996
2019-03-01 19:00:00,326.49000000000007
2019-03-01 20:00:00,313.94999999999993
2019-03-01 21:00:00,294.90000000000003
2019-03-01 22:00:00,250.89
2019-03-01 23:00:00,203.9
2019-03-02 00:00:00,194.82
2019-03-02 01:00:00,193.35999999999999
2019-03-02 02:00:00,191.60000000000002
2019-03-02 03:00:00,191.35
2019-03-02 04:00:00,194.02
2019-03-02 05:00:00,194.79
2019-03-02 06:00:00,240.35999999999999
2019-03-02 07:00:00,237.3
2019-03-02 08:00:00,238.95000000000002
2019-03-02 09:00:00,285.08000000000004
2019-03-02 10:00:00,305.09000000000003
2019-03-02 11:00:00,312.95
2019-03-02 12:00:00,309.42999999999995
2019-03-02 13:00:00,314.66
2019-03-02 14:00:00,314.1
2019-03-02 15:00:00,307.08000000000004
2019-03-02 16:00:00,266.96000000000004
2019-03-02 17:00:00,252.45
2019-03-02 18:00:00,259.96
2019-03-02 19:00:00,255.98000000000002
2019-03-02 20:00:00,259.63
2019-03-02 21:00:00,249.56
2019-03-02 22:00:00,225.9
2019-03-02 23:00:00,208.37
2019-03-03 00:00:00,200.55999999999997
2019-03-03 01:00:00,199.53
2019-03-03 02:00:00,194.84
2019-03-03 03:00:00,191.62
2019-03-03 04:00:00,194.67999999999998
2019-03-03 05:00:00,200.35
2019-03-03 06:00:00,227.03999999999996
2019-03-03 07:00:00,217.45000000000002
2019-03-03 08:00:00,216.29000000000002
2019-03-03 09:00:00,220.70999999999998
2019-03-03 10:00:00,225.62999999999997
2019-03-03 11:00:00,226.65
2019-03-03 12:00:00,228.45000000000002
2019-03-03 13:00:00,236.65999999999997
2019-03-03 14:00:00,239.19
2019-03-03 15:00:00,232.42000000000002
2019-03-03 16:00:00,222.86999999999998
2019-03-03 17:00:00,220.09
2019-03-03 18:00:00,230.74
2019-03-03 19:00:00,229.99
2019-03-03 20:00:00,231.38
2019-03-03 21:00:00,229.73000000000002
2019-03-03 22:00:00,214.47
2019-03-03 23:00:00,200.29
2019-03-04 00:00:00,191.43
2019-03-04 01:00:00,190.11
2019-03-04 02:00:00,189.51
2019-03-04 03:00:00,188.75
2019-03-04 04:00:00,189.89
2019-03-04 05:00:00,200.81
2019-03-04 06:00:00,272.0
2019-03-04 07:00:00,323.26
2019-03-04 08:00:00,377.22
2019-03-04 09:00:00,453.64
2019-03-04 10:00:00,451.6
2019-03-04 11:00:00,450.32
2019-03-04 12:00:00,435.24999999999994
2019-03-04 13:00:00,447.19
2019-03-04 14:00:00,422.68
2019-03-04 15:00:00,371.11
2019-03-04 16:00:00,350.07
2019-03-04 17:00:00,353.22999999999996
2019-03-04 18:00:00,352.73999999999995
2019-03-04 19:00:00,332.21000000000004
2019-03-04 20:00:00,280.92
2019-03-04 21:00:00,248.76000000000008
2019-03-04 22:00:00,227.11
2019-03-04 23:00:00,215.35
2019-03-05 00:00:00,198.18
2019-03-05 01:00:00,202.2
2019-03-05 02:00:00,205.09
2019-03-05 03:00:00,211.73999999999998
2019-03-05 04:00:00,209.63
2019-03-05 05:00:00,210.48
2019-03-05 06:00:00,274.09
2019-03-05 07:00:00,328.49
2019-03-05 08:00:00,387.88
2019-03-05 09:00:00,455.26
2019-03-05 10:00:00,468.74
2019-03-05 11:00:00,475.9999999999999
2019-03-05 12:00:00,474.04999999999995
2019-03-05 13:00:00,479.2
2019-03-05 14:00:00,443.21999999999997
2019-03-05 15:00:00,395.42
2019-03-05 16:00:00,352.46999999999997
2019-03-05 17:00:00,345.34999999999997
2019-03-05 18:00:00,349.75000000000006
2019-03-05 19:00:00,334.78999999999996
2019-03-05 20:00:00,293.16
2019-03-05 21:00:00,245.90000000000003
2019-03-05 22:00:00,222.0
2019-03-05 23:00:00,210.35999999999999
2019-03-06 00:00:00,206.32999999999998
2019-03-06 01:00:00,198.81
2019-03-06 02:00:00,191.87
2019-03-06 03:00:00,191.33999999999997
2019-03-06 04:00:00,192.60999999999999
2019-03-06 05:00:00,199.90000000000003
2019-03-06 06:00:00,260.31
2019-03-06 07:00:00,320.05
2019-03-06 08:00:00,377.16
2019-03-06 09:00:00,464.89
2019-03-06 10:00:00,460.71000000000004
2019-03-06 11:00:00,462.46999999999997
2019-03-06 12:00:00,432.91
2019-03-06 13:00:00,440.06
2019-03-06 14:00:00,418.91999999999996
2019-03-06 15:00:00,373.17
2019-03-06 16:00:00,340.46000000000004
2019-03-06 17:00:00,335.99
2019-03-06 18:00:00,335.02
2019-03-06 19:00:00,313.28999999999996
2019-03-06 20:00:00,257.5
2019-03-06 21:00:00,228.17999999999998
2019-03-06 22:00:00,216.94000000000003
2019-03-06 23:00:00,202.33
2019-03-07 00:00:00,196.41000000000003
2019-03-07 01:00:00,198.13
2019-03-07 02:00:00,207.02
2019-03-07 03:00:00,198.8
2019-03-07 04:00:00,197.04
2019-03-07 05:00:00,198.56
2019-03-07 06:00:00,256.53000000000003
2019-03-07 07:00:00,309.94
2019-03-07 08:00:00,391.62
2019-03-07 09:00:00,439.59000000000003
2019-03-07 10:00:00,451.51
2019-03-07 11:00:00,478.21
2019-03-07 12:00:00,465.52000000000004
2019-03-07 13:00:00,466.02
2019-03-07 14:00:00,423.53999999999996
2019-03-07 15:00:00,388.85
2019-03-07 16:00:00,351.72
2019-03-07 17:00:00,348.95
2019-03-07 18:00:00,353.53
2019-03-07 19:00:00,327.05000000000007
2019-03-07 20:00:00,292.68
2019-03-07 21:00:00,250.04000000000002
2019-03-07 22:00:00,228.33999999999997
2019-03-07 23:00:00,200.88
2019-03-08 00:00:00,189.97
2019-03-08 01:00:00,195.05
2019-03-08 02:00:00,188.18
2019-03-08 03:00:00,185.93
2019-03-08 04:00:00,188.15
2019-03-08 05:00:00,193.8
2019-03-08 06:00:00,265.22
2019-03-08 07:00:00,333.40999999999997
2019-03-08 08:00:00,399.22
2019-03-08 09:00:00,413.65999999999997
2019-03-08 10:00:00,420.96000000000004
2019-03-08 11:00:00,464.8200000000001
2019-03-08 12:00:00,446.56999999999994
2019-03-08 13:00:00,425.47999999999996
2019-03-08 14:00:00,385.33000000000004
2019-03-08 15:00:00,359.58
2019-03-08 16:00:00,334.0
2019-03-08 17:00:00,331.94
2019-03-08 18:00:00,332.51000000000005
2019-03-08 19:00:00,323.13000000000005
2019-03-08 20:00:00,294.33
2019-03-08 21:00:00,262.78000000000003
2019-03-08 22:00:00,230.01
2019-03-08 23:00:00,197.2
2019-03-09 00:00:00,186.93
2019-03-09 01:00:00,192.93
2019-03-09 02:00:00,198.47
2019-03-09 03:00:00,195.51999999999998
2019-03-09 04:00:00,196.97
2019-03-09 05:00:00,199.34
2019-03-09 06:00:00,238.43
2019-03-09 07:00:00,239.22
2019-03-09 08:00:00,266.33
2019-03-09 09:00:00,282.23
2019-03-09 10:00:00,301.21999999999997
2019-03-09 11:00:00,306.83
2019-03-09 12:00:00,318.04999999999995
2019-03-09 13:00:00,307.22999999999996
2019-03-09 14:00:00,311.42999999999995
2019-03-09 15:00:00,307.11999999999995
2019-03-09 16:00:00,291.8
2019-03-09 17:00:00,303.39000000000004
2019-03-09 18:00:00,315.45
2019-03-09 19:00:00,311.38000000000005
2019-03-09 20:00:00,308.70000000000005
2019-03-09 21:00:00,294.12
2019-03-09 22:00:00,267.44999999999993
2019-03-09 23:00:00,228.16999999999996
2019-03-10 00:00:00,213.17
2019-03-10 01:00:00,208.97000000000003
2019-03-10 02:00:00,192.95000000000002
2019-03-10 03:00:00,193.03
2019-03-10 04:00:00,194.19000000000003
2019-03-10 05:00:00,196.15
2019-03-10 06:00:00,220.37
2019-03-10 07:00:00,212.44000000000003
2019-03-10 08:00:00,210.52
2019-03-10 09:00:00,211.73999999999998
2019-03-10 10:00:00,215.0
2019-03-10 11:00:00,210.81
2019-03-10 12:00:00,207.83
2019-03-10 13:00:00,211.32000000000002
2019-03-10 14:00:00,225.25
2019-03-10 15:00:00,220.25
2019-03-10 16:00:00,218.93999999999997
2019-03-10 17:00:00,218.5
2019-03-10 18:00:00,224.57999999999998
2019-03-10 19:00:00,232.04000000000005
2019-03-10 20:00:00,231.49
2019-03-10 21:00:00,227.76000000000002
2019-03-10 22:00:00,211.89
2019-03-10 23:00:00,199.67000000000002
2019-03-11 00:00:00,190.98
2019-03-11 01:00:00,189.59
2019-03-11 02:00:00,187.73000000000002
2019-03-11 03:00:00,189.51000000000002
2019-03-11 04:00:00,193.64
2019-03-11 05:00:00,196.88000000000002
2019-03-11 06:00:00,269.40999999999997
2019-03-11 07:00:00,323.04
2019-03-11 08:00:00,371.44
2019-03-11 09:00:00,455.28999999999996
2019-03-11 10:00:00,431.3299999999999
2019-03-11 11:00:00,463.58
2019-03-11 12:00:00,451.9
2019-03-11 13:00:00,460.19
2019-03-11 14:00:00,410.15
2019-03-11 15:00:00,368.99
2019-03-11 16:00:00,342.65
2019-03-11 17:00:00,345.84999999999997
2019-03-11 18:00:00,338.73
2019-03-11 19:00:00,331.78000000000003
2019-03-11 20:00:00,278.17
2019-03-11 21:00:00,251.78000000000003
2019-03-11 22:00:00,228.05
2019-03-11 23:00:00,216.75
2019-03-12 00:00:00,202.54
2019-03-12 01:00:00,208.06000000000003
2019-03-12 02:00:00,206.65
2019-03-12 03:00:00,207.38
2019-03-12 04:00:00,202.88
2019-03-12 05:00:00,198.15
2019-03-12 06:00:00,265.51
2019-03-12 07:00:00,315.18
2019-03-12 08:00:00,392.3
2019-03-12 09:00:00,484.57
2019-03-12 10:00:00,458.62
2019-03-12 11:00:00,468.79
2019-03-12 12:00:00,462.7100000000001
2019-03-12 13:00:00,484.22999999999996
2019-03-12 14:00:00,438.74
2019-03-12 15:00:00,392.47
2019-03-12 16:00:00,346.92
2019-03-12 17:00:00,338.92999999999995
2019-03-12 18:00:00,328.63000000000005
2019-03-12 19:00:00,320.21
2019-03-12 20:00:00,282.66
2019-03-12 21:00:00,248.32999999999998
2019-03-12 22:00:00,228.34999999999997
2019-03-12 23:00:00,210.28
2019-03-13 00:00:00,203.81
2019-03-13 01:00:00,206.36999999999998
2019-03-13 02:00:00,207.35
2019-03-13 03:00:00,196.82000000000002
2019-03-13 04:00:00,199.01999999999998
2019-03-13 05:00:00,204.79000000000002
2019-03-13 06:00:00,269.46999999999997
2019-03-13 07:00:00,341.11
2019-03-13 08:00:00,421.57000000000005
2019-03-13 09:00:00,512.61
2019-03-13 10:00:00,484.17999999999995
2019-03-13 11:00:00,482.1499999999999
2019-03-13 12:00:00,465.1
2019-03-13 13:00:00,478.04999999999995
2019-03-13 14:00:00,430.6700000000001
2019-03-13 15:00:00,373.42
2019-03-13 16:00:00,351.0
2019-03-13 17:00:00,348.43
2019-03-13 18:00:00,349.05999999999995
2019-03-13 19:00:00,334.67
2019-03-13 20:00:00,281.31
2019-03-13 21:00:00,253.42
2019-03-13 22:00:00,230.13
2019-03-13 23:00:00,217.57
2019-03-14 00:00:00,205.67000000000002
2019-03-14 01:00:00,208.14999999999998
2019-03-14 02:00:00,210.36
2019-03-14 03:00:00,207.45999999999998
2019-03-14 04:00:00,203.67
2019-03-14 05:00:00,205.49
2019-03-14 06:00:00,286.23
2019-03-14 07:00:00,345.07
2019-03-14 08:00:00,379.08
2019-03-14 09:00:00,460.7800000000001
2019-03-14 10:00:00,468.76
2019-03-14 11:00:00,486.67
2019-03-14 12:00:00,469.16
2019-03-14 13:00:00,451.8
2019-03-14 14:00:00,399.09000000000003
2019-03-14 15:00:00,379.65
2019-03-14 16:00:00,344.95000000000005
2019-03-14 17:00:00,338.35
2019-03-14 18:00:00,345.1
2019-03-14 19:00:00,344.75
2019-03-14 20:00:00,301.74999999999994
2019-03-14 21:00:00,259.52000000000004
2019-03-14 22:00:00,211.95
2019-03-14 23:00:00,190.85000000000002
2019-03-15 00:00:00,182.31
2019-03-15 01:00:00,183.6
2019-03-15 02:00:00,182.95999999999998
2019-03-15 03:00:00,182.7
2019-03-15 04:00:00,185.85999999999999
2019-03-15 05:00:00,195.01999999999998
2019-03-15 06:00:00,271.42
2019-03-15 07:00:00,316.59000000000003
2019-03-15 08:00:00,401.25
2019-03-15 09:00:00,430.15000000000003
2019-03-15 10:00:00,447.02
2019-03-15 11:00:00,472.84000000000003
2019-03-15 12:00:00,456.93
2019-03-15 13:00:00,432.20000000000005
2019-03-15 14:00:00,406.76000000000005
2019-03-15 15:00:00,374.19
2019-03-15 16:00:00,346.24
2019-03-15 17:00:00,325.58
2019-03-15 18:00:00,309.44000000000005
2019-03-15 19:00:00,285.75
2019-03-15 20:00:00,263.33
2019-03-15 21:00:00,246.42000000000002
2019-03-15 22:00:00,216.36
2019-03-15 23:00:00,192.35
2019-03-16 00:00:00,183.86
2019-03-16 01:00:00,189.16
2019-03-16 02:00:00,192.89
2019-03-16 03:00:00,194.64000000000001
2019-03-16 04:00:00,197.16
2019-03-16 05:00:00,195.98000000000002
2019-03-16 06:00:00,242.06
2019-03-16 07:00:00,238.67000000000002
2019-03-16 08:00:00,240.85000000000002
2019-03-16 09:00:00,297.83
2019-03-16 10:00:00,324.59
2019-03-16 11:00:00,337.62
2019-03-16 12:00:00,332.35
2019-03-16 13:00:00,329.75
2019-03-16 14:00:00,338.59
2019-03-16 15:00:00,330.19
2019-03-16 16:00:00,291.64
2019-03-16 17:00:00,281.01
2019-03-16 18:00:00,291.75
2019-03-16 19:00:00,287.36999999999995
2019-03-16 20:00:00,277.86
2019-03-16 21:00:00,264.18
2019-03-16 22:00:00,238.72
2019-03-16 23:00:00,215.28
2019-03-17 00:00:00,205.65
2019-03-17 01:00:00,200.29000000000002
2019-03-17 02:00:00,189.94000000000003
2019-03-17 03:00:00,189.76
2019-03-17 04:00:00,189.17000000000002
2019-03-17 05:00:00,194.10000000000002
2019-03-17 06:00:00,224.66000000000003
2019-03-17 07:00:00,218.31
2019-03-17 08:00:00,214.33
2019-03-17 09:00:00,216.83
2019-03-17 10:00:00,229.05
2019-03-17 11:00:00,235.29000000000002
2019-03-17 12:00:00,236.63
2019-03-17 13:00:00,253.96999999999997
2019-03-17 14:00:00,248.63
2019-03-17 15:00:00,234.33
2019-03-17 16:00:00,223.41000000000003
2019-03-17 17:00:00,234.28
2019-03-17 18:00:00,240.17000000000004
2019-03-17 19:00:00,236.29
2019-03-17 20:00:00,231.32999999999998
2019-03-17 21:00:00,229.15
2019-03-17 22:00:00,213.51
2019-03-17 23:00:00,200.48
2019-03-18 00:00:00,186.39
2019-03-18 01:00:00,186.26
2019-03-18 02:00:00,185.09
2019-03-18 03:00:00,182.01000000000002
2019-03-18 04:00:00,182.93
2019-03-18 05:00:00,189.62999999999997
2019-03-18 06:00:00,256.95
2019-03-18 07:00:00,315.61
2019-03-18 08:00:00,382.73
2019-03-18 09:00:00,455.48
2019-03-18 10:00:00,445.78999999999996
2019-03-18 11:00:00,467.51
2019-03-18 12:00:00,434.77
2019-03-18 13:00:00,447.54
2019-03-18 14:00:00,414.51
2019-03-18 15:00:00,373.54
2019-03-18 16:00:00,337.67
2019-03-18 17:00:00,332.32
2019-03-18 18:00:00,325.88
2019-03-18 19:00:00,315.09999999999997
2019-03-18 20:00:00,265.37
2019-03-18 21:00:00,233.04
2019-03-18 22:00:00,209.32
2019-03-18 23:00:00,197.93
2019-03-19 00:00:00,182.93
2019-03-19 01:00:00,185.56
2019-03-19 02:00:00,183.69000000000003
2019-03-19 03:00:00,188.08999999999997
2019-03-19 04:00:00,182.93999999999997
2019-03-19 05:00:00,187.2
2019-03-19 06:00:00,255.14999999999998
2019-03-19 07:00:00,337.54
2019-03-19 08:00:00,387.15000000000003
2019-03-19 09:00:00,464.0
2019-03-19 10:00:00,442.6500000000001
2019-03-19 11:00:00,458.86
2019-03-19 12:00:00,437.64
2019-03-19 13:00:00,449.63
2019-03-19 14:00:00,408.0
2019-03-19 15:00:00,364.23999999999995
2019-03-19 16:00:00,337.79999999999995
2019-03-19 17:00:00,330.22999999999996
2019-03-19 18:00:00,327.59
2019-03-19 19:00:00,313.01
2019-03-19 20:00:00,270.93
2019-03-19 21:00:00,228.92999999999998
2019-03-19 22:00:00,207.76999999999998
2019-03-19 23:00:00,190.37999999999997
2019-03-20 00:00:00,188.35000000000002
2019-03-20 01:00:00,189.9
2019-03-20 02:00:00,189.42999999999998
2019-03-20 03:00:00,188.82000000000002
2019-03-20 04:00:00,191.28
2019-03-20 05:00:00,197.01000000000002
2019-03-20 06:00:00,268.46
2019-03-20 07:00:00,326.43999999999994
2019-03-20 08:00:00,399.11
2019-03-20 09:00:00,437.91999999999996
2019-03-20 10:00:00,434.14000000000004
2019-03-20 11:00:00,456.63
2019-03-20 12:00:00,447.67999999999995
2019-03-20 13:00:00,458.71000000000004
2019-03-20 14:00:00,417.85999999999996
2019-03-20 15:00:00,374.24
2019-03-20 16:00:00,341.71
2019-03-20 17:00:00,332.65
2019-03-20 18:00:00,327.90000000000003
2019-03-20 19:00:00,318.78999999999996
2019-03-20 20:00:00,267.94
2019-03-20 21:00:00,233.91000000000003
2019-03-20 22:00:00,213.98
2019-03-20 23:00:00,200.67999999999998
2019-03-21 00:00:00,195.07000000000002
2019-03-21 01:00:00,202.48999999999998
2019-03-21 02:00:00,202.01
2019-03-21 03:00:00,200.55999999999997
2019-03-21 04:00:00,199.37000000000003
2019-03-21 05:00:00,200.95999999999998
2019-03-21 06:00:00,260.53000000000003
2019-03-21 07:00:00,319.27
2019-03-21 08:00:00,372.86
2019-03-21 09:00:00,444.13000000000005
2019-03-21 10:00:00,423.28000000000003
2019-03-21 11:00:00,453.93999999999994
2019-03-21 12:00:00,445.57
2019-03-21 13:00:00,437.40999999999997
2019-03-21 14:00:00,412.15
2019-03-21 15:00:00,384.51
2019-03-21 16:00:00,345.64
2019-03-21 17:00:00,330.66
2019-03-21 18:00:00,323.63
2019-03-21 19:00:00,307.01
2019-03-21 20:00:00,257.31999999999994
2019-03-21 21:00:00,228.38
2019-03-21 22:00:00,205.83
2019-03-21 23:00:00,191.35
2019-03-22 00:00:00,181.22
2019-03-22 01:00:00,185.14
2019-03-22 02:00:00,185.20999999999998
2019-03-22 03:00:00,183.66
2019-03-22 04:00:00,187.82
2019-03-22 05:00:00,196.56999999999996
2019-03-22 06:00:00,260.39
2019-03-22 07:00:00,308.07
2019-03-22 08:00:00,378.01
2019-03-22 09:00:00,429.96000000000004
2019-03-22 10:00:00,436.28000000000003
2019-03-22 11:00:00,449.9
2019-03-22 12:00:00,432.46
2019-03-22 13:00:00,422.84000000000003
2019-03-22 14:00:00,381.32000000000005
2019-03-22 15:00:00,358.61999999999995
2019-03-22 16:00:00,324.54
2019-03-22 17:00:00,304.18
2019-03-22 18:00:00,294.3
2019-03-22 19:00:00,303.43
2019-03-22 20:00:00,284.54
2019-03-22 21:00:00,254.07
2019-03-22 22:00:00,224.65999999999997
2019-03-22 23:00:00,209.94
2019-03-23 00:00:00,199.60999999999999
2019-03-23 01:00:00,197.24
2019-03-23 02:00:00,186.23999999999998
2019-03-23 03:00:00,182.6
2019-03-23 04:00:00,188.57000000000002
2019-03-23 05:00:00,190.05
2019-03-23 06:00:00,226.77000000000004
2019-03-23 07:00:00,233.15
2019-03-23 08:00:00,249.62
2019-03-23 09:00:00,272.25
2019-03-23 10:00:00,303.96999999999997
2019-03-23 11:00:00,305.93000000000006
2019-03-23 12:00:00,304.62
2019-03-23 13:00:00,311.31
2019-03-23 14:00:00,316.01
2019-03-23 15:00:00,312.52
2019-03-23 16:00:00,283.62
2019-03-23 17:00:00,280.13
2019-03-23 18:00:00,284.95
2019-03-23 19:00:00,286.04
2019-03-23 20:00:00,279.91
2019-03-23 21:00:00,270.28000000000003
2019-03-23 22:00:00,236.10000000000002
2019-03-23 23:00:00,209.97000000000003
2019-03-24 00:00:00,189.84
2019-03-24 01:00:00,193.94000000000003
2019-03-24 02:00:00,191.02
2019-03-24 03:00:00,189.81
2019-03-24 04:00:00,189.79999999999998
2019-03-24 05:00:00,188.79999999999998
2019-03-24 06:00:00,211.91
2019-03-24 07:00:00,208.2
2019-03-24 08:00:00,201.69
2019-03-24 09:00:00,204.46
2019-03-24 10:00:00,208.38
2019-03-24 11:00:00,209.68
2019-03-24 12:00:00,211.91
2019-03-24 13:00:00,217.10000000000002
2019-03-24 14:00:00,223.22
2019-03-24 15:00:00,218.72
2019-03-24 16:00:00,204.88000000000002
2019-03-24 17:00:00,202.62
2019-03-24 18:00:00,197.53000000000003
2019-03-24 19:00:00,214.12
2019-03-24 20:00:00,215.12000000000003
2019-03-24 21:00:00,221.07
2019-03-24 22:00:00,204.78
2019-03-24 23:00:00,192.69
2019-03-25 00:00:00,183.15
2019-03-25 01:00:00,180.19
2019-03-25 02:00:00,183.03000000000003
2019-03-25 03:00:00,184.85000000000002
2019-03-25 04:00:00,189.79000000000002
2019-03-25 05:00:00,195.73000000000002
2019-03-25 06:00:00,254.26
2019-03-25 07:00:00,311.17
2019-03-25 08:00:00,350.13999999999993
2019-03-25 09:00:00,414.04999999999995
2019-03-25 10:00:00,419.17
2019-03-25 11:00:00,438.77
2019-03-25 12:00:00,430.68
2019-03-25 13:00:00,453.62999999999994
2019-03-25 14:00:00,406.76
2019-03-25 15:00:00,366.61
2019-03-25 16:00:00,340.88
2019-03-25 17:00:00,336.81
2019-03-25 18:00:00,324.22999999999996
2019-03-25 19:00:00,321.19
2019-03-25 20:00:00,279.72999999999996
2019-03-25 21:00:00,254.43
2019-03-25 22:00:00,231.67
2019-03-25 23:00:00,214.51000000000002
2019-03-26 00:00:00,202.64
2019-03-26 01:00:00,191.53
2019-03-26 02:00:00,188.45000000000002
2019-03-26 03:00:00,189.92
2019-03-26 04:00:00,190.09
2019-03-26 05:00:00,197.21
2019-03-26 06:00:00,250.43000000000004
2019-03-26 07:00:00,314.68
2019-03-26 08:00:00,384.93
2019-03-26 09:00:00,430.31
2019-03-26 10:00:00,424.13
2019-03-26 11:00:00,458.93000000000006
2019-03-26 12:00:00,438.4
2019-03-26 13:00:00,454.69
2019-03-26 14:00:00,412.45
2019-03-26 15:00:00,363.16
2019-03-26 16:00:00,329.67999999999995
2019-03-26 17:00:00,325.97
2019-03-26 18:00:00,319.20000000000005
2019-03-26 19:00:00,320.93
2019-03-26 20:00:00,271.23
2019-03-26 21:00:00,234.60000000000002
2019-03-26 22:00:00,212.77
2019-03-26 23:00:00,195.84
2019-03-27 00:00:00,190.98
2019-03-27 01:00:00,190.75
2019-03-27 02:00:00,192.58999999999997
2019-03-27 03:00:00,193.13
2019-03-27 04:00:00,186.89999999999998
2019-03-27 05:00:00,203.74
2019-03-27 06:00:00,257.28999999999996
2019-03-27 07:00:00,309.82
2019-03-27 08:00:00,377.65
2019-03-27 09:00:00,422.29
2019-03-27 10:00:00,421.75
2019-03-27 11:00:00,444.1
2019-03-27 12:00:00,433.88
2019-03-27 13:00:00,442.92999999999995
2019-03-27 14:00:00,414.59
2019-03-27 15:00:00,353.39
2019-03-27 16:00:00,332.72
2019-03-27 17:00:00,336.03999999999996
2019-03-27 18:00:00,327.79
2019-03-27 19:00:00,329.52000000000004
2019-03-27 20:00:00,273.02
2019-03-27 21:00:00,227.73999999999998
2019-03-27 22:00:00,206.30999999999997
2019-03-27 23:00:00,189.68
2019-03-28 00:00:00,187.47000000000003
2019-03-28 01:00:00,193.09
2019-03-28 02:00:00,198.38000000000002
2019-03-28 03:00:00,195.64000000000001
2019-03-28 04:00:00,187.8
2019-03-28 05:00:00,198.25000000000003
2019-03-28 06:00:00,248.28
2019-03-28 07:00:00,307.05
2019-03-28 08:00:00,395.01
2019-03-28 09:00:00,446.21999999999997
2019-03-28 10:00:00,430.34000000000003
2019-03-28 11:00:00,438.19999999999993
2019-03-28 12:00:00,428.92999999999995
2019-03-28 13:00:00,439.30999999999995
2019-03-28 14:00:00,393.51
2019-03-28 15:00:00,350.70000000000005
2019-03-28 16:00:00,336.74
2019-03-28 17:00:00,325.85
2019-03-28 18:00:00,318.3
2019-03-28 19:00:00,318.1
2019-03-28 20:00:00,259.13
2019-03-28 21:00:00,218.37
2019-03-28 22:00:00,192.70000000000002
2019-03-28 23:00:00,173.1
2019-03-29 00:00:00,169.38000000000002
2019-03-29 01:00:00,171.88000000000002
2019-03-29 02:00:00,171.9
2019-03-29 03:00:00,173.29
2019-03-29 04:00:00,176.29
2019-03-29 05:00:00,196.95000000000005
2019-03-29 06:00:00,243.25
2019-03-29 07:00:00,294.57
2019-03-29 08:00:00,361.61
2019-03-29 09:00:00,399.66999999999996
2019-03-29 10:00:00,394.76
2019-03-29 11:00:00,440.7
2019-03-29 12:00:00,417.89
2019-03-29 13:00:00,408.6799999999999
2019-03-29 14:00:00,364.48
2019-03-29 15:00:00,339.26
2019-03-29 16:00:00,307.31
2019-03-29 17:00:00,301.33
2019-03-29 18:00:00,289.38000000000005
2019-03-29 19:00:00,305.76
2019-03-29 20:00:00,287.12
2019-03-29 21:00:00,256.76
2019-03-29 22:00:00,207.88000000000002
2019-03-29 23:00:00,177.6
2019-03-30 00:00:00,170.2
2019-03-30 01:00:00,169.60999999999999
2019-03-30 02:00:00,169.79
2019-03-30 03:00:00,166.08999999999997
2019-03-30 04:00:00,167.89
2019-03-30 05:00:00,171.54
2019-03-30 06:00:00,204.73999999999998
2019-03-30 07:00:00,206.16
2019-03-30 08:00:00,222.24
2019-03-30 09:00:00,256.83000000000004
2019-03-30 10:00:00,277.4599999999999
2019-03-30 11:00:00,272.82
2019-03-30 12:00:00,285.76
2019-03-30 13:00:00,284.57000000000005
2019-03-30 14:00:00,289.64
2019-03-30 15:00:00,278.96000000000004
2019-03-30 16:00:00,240.01
2019-03-30 17:00:00,235.2
2019-03-30 18:00:00,240.31
2019-03-30 19:00:00,245.75999999999996
2019-03-30 20:00:00,247.32999999999998
2019-03-30 21:00:00,243.02
2019-03-30 22:00:00,226.72
2019-03-30 23:00:00,205.65
2019-03-31 00:00:00,178.20000000000002
2019-03-31 01:00:00,170.51
2019-03-31 02:00:00,172.58
2019-03-31 03:00:00,0.0
2019-03-31 04:00:00,170.53
2019-03-31 05:00:00,171.11
2019-03-31 06:00:00,202.43
2019-03-31 07:00:00,195.73000000000002
2019-03-31 08:00:00,191.68
2019-03-31 09:00:00,191.41
2019-03-31 10:00:00,214.02
2019-03-31 11:00:00,205.09
2019-03-31 12:00:00,200.8
2019-03-31 13:00:00,202.93
2019-03-31 14:00:00,206.66
2019-03-31 15:00:00,210.22
2019-03-31 16:00:00,199.01
2019-03-31 17:00:00,195.64
2019-03-31 18:00:00,192.0
2019-03-31 19:00:00,193.48
2019-03-31 20:00:00,214.86999999999998
2019-03-31 21:00:00,221.54999999999998
2019-03-31 22:00:00,198.38
2019-03-31 23:00:00,184.07
2019-04-01 00:00:00,177.19
